run_id,ld,s,tp,rmse,train_data,contrastive
3_2,32,24000,0.0,0.0071087724455622,True,False
3_2,32,24000,0.01,0.0070552090283993,True,False
3_2,32,24000,0.02,0.0072412249504291,True,False
3_2,32,24000,0.03,0.0069587038176258,False,False
3_2,32,24000,0.04,0.0069133213537977,True,False
3_2,32,24000,0.05,0.0068304631837742,False,False
3_2,32,24000,0.06,0.0068841567012436,False,False
3_2,32,24000,0.07,0.0069848031072805,True,False
3_2,32,24000,0.08,0.0073410285254764,True,False
3_2,32,24000,0.09,0.0079487199577333,True,False
3_2,32,24000,0.1,0.0089813336050352,True,False
3_2,32,24000,0.11,0.0106447858706913,True,False
3_2,32,24000,0.12,0.012688814704551,True,False
3_2,32,24000,0.13,0.0147426209121584,True,False
3_2,32,24000,0.14,0.017610984311277,True,False
3_2,32,24000,0.15,0.0223246303894837,True,False
3_2,32,24000,0.16,0.0253205578540966,True,False
3_2,32,24000,0.17,0.0275608181760337,False,False
3_2,32,24000,0.18,0.0300417921190322,True,False
3_2,32,24000,0.19,0.035640568504099,True,False
3_2,32,24000,0.2,0.0436201896938996,False,False
3_2,32,24000,0.21,0.0511836106561331,False,False
3_2,32,24000,0.22,0.0578905672534449,False,False
3_2,32,24000,0.23,0.0670484710559243,False,False
3_2,32,24000,0.24,0.0766130178446563,False,False
3_2,32,24000,0.25,0.0916801417528352,False,False
3_2,32,24000,0.26,0.1046346354242318,False,False
3_2,32,24000,0.27,0.1159050187832207,False,False
3_2,32,24000,0.28,0.1223104652889867,False,False
3_2,32,24000,0.29,0.1262951099855734,False,False
3_2,32,24000,0.3,0.1392660692074417,False,False
3_2,32,24000,0.31,0.1423498029275165,False,False
3_2,32,24000,0.32,0.1402243311905774,False,False
3_2,32,24000,0.33,0.1295194438780646,False,False
3_2,32,24000,0.34,0.0722598308556398,False,False
3_2,32,24000,0.35,0.1191705982383862,False,False
3_2,32,24000,0.36,0.1217205308487001,False,False
3_2,32,24000,0.37,0.1241165660623758,False,False
3_2,32,24000,0.38,0.1036799291602369,False,False
3_2,32,24000,0.39,0.0823239652474784,False,False
3_2,32,24000,0.4,0.088332894034511,False,False
3_2,32,24000,0.41,0.0859032008748642,False,False
3_2,32,24000,0.42,0.0699340276628444,False,False
3_2,32,24000,0.43,0.0604638818882107,False,False
3_2,32,24000,0.44,0.0532522447856573,False,False
3_2,32,24000,0.45,0.0285012941589762,False,False
3_2,32,24000,0.46,0.0150039722458369,False,False
3_2,32,24000,0.47,0.0120368298902043,False,False
3_2,32,24000,0.48,0.0120036532897253,False,False
3_2,32,24000,0.49,0.011520583851109,False,False
3_2,32,24000,0.5,0.0110664371484691,False,False
2_1_1,32,24000,0.0,0.0066317068373604,True,False
2_1_1,32,24000,0.01,0.0066033887175099,True,False
2_1_1,32,24000,0.02,0.0067097914778005,False,False
2_1_1,32,24000,0.03,0.0065721538359435,False,False
2_1_1,32,24000,0.04,0.0065704749238661,True,False
2_1_1,32,24000,0.05,0.0065586882150344,False,False
2_1_1,32,24000,0.06,0.0066275681407907,False,False
2_1_1,32,24000,0.07,0.0066967617497295,True,False
2_1_1,32,24000,0.08,0.0068671024692924,True,False
2_1_1,32,24000,0.09,0.0070894202941046,True,False
2_1_1,32,24000,0.1,0.0075445313992248,True,False
2_1_1,32,24000,0.11,0.0083684609543938,True,False
2_1_1,32,24000,0.12,0.0094597054348077,True,False
2_1_1,32,24000,0.13,0.0102056738975792,True,False
2_1_1,32,24000,0.14,0.0117902076551559,True,False
2_1_1,32,24000,0.15,0.0141459602771878,True,False
2_1_1,32,24000,0.16,0.0157184131007369,True,False
2_1_1,32,24000,0.17,0.0169062077451559,False,False
2_1_1,32,24000,0.18,0.0178731241170947,True,False
2_1_1,32,24000,0.19,0.0211582487354125,True,False
2_1_1,32,24000,0.2,0.0258894617357515,False,False
2_1_1,32,24000,0.21,0.0286378380182188,False,False
2_1_1,32,24000,0.22,0.0301077741423812,False,False
2_1_1,32,24000,0.23,0.0335041911962716,False,False
2_1_1,32,24000,0.24,0.0378375903878621,False,False
2_1_1,32,24000,0.25,0.046614997742429,False,False
2_1_1,32,24000,0.26,0.05352236202291,False,False
2_1_1,32,24000,0.27,0.0587169659114668,False,False
2_1_1,32,24000,0.28,0.0599786401517583,False,False
2_1_1,32,24000,0.29,0.0594871592180083,False,False
2_1_1,32,24000,0.3,0.06428741514296,False,False
2_1_1,32,24000,0.31,0.0612184423133229,False,False
2_1_1,32,24000,0.32,0.0569375994121125,False,False
2_1_1,32,24000,0.33,0.0501498918183749,True,False
2_1_1,32,24000,0.34,0.0291747668289447,False,False
2_1_1,32,24000,0.35,0.0286386804605271,False,False
2_1_1,32,24000,0.36,0.0288667076555185,True,False
2_1_1,32,24000,0.37,0.0320384054237275,True,False
2_1_1,32,24000,0.38,0.0287079290624471,True,False
2_1_1,32,24000,0.39,0.0238380254932327,True,False
2_1_1,32,24000,0.4,0.026142334173843,True,False
2_1_1,32,24000,0.41,0.0293940075853341,True,False
2_1_1,32,24000,0.42,0.0235698253999607,True,False
2_1_1,32,24000,0.43,0.0196358327895169,True,False
2_1_1,32,24000,0.44,0.0167591026536652,True,False
2_1_1,32,24000,0.45,0.0116645583348381,True,False
2_1_1,32,24000,0.46,0.0080301224116122,True,False
2_1_1,32,24000,0.47,0.0070808301333122,True,False
2_1_1,32,24000,0.48,0.0066500476621289,True,False
2_1_1,32,24000,0.49,0.0060597556595962,False,False
2_1_1,32,24000,0.5,0.0054835548049802,True,False
3_1,32,24000,0.0,0.0131644091017939,False,False
3_1,32,24000,0.01,0.0128800549114103,False,False
3_1,32,24000,0.02,0.0145784655909597,False,False
3_1,32,24000,0.03,0.0130353170704766,False,False
3_1,32,24000,0.04,0.0133942885754771,False,False
3_1,32,24000,0.05,0.0131183702083727,False,False
3_1,32,24000,0.06,0.0144180302794,False,False
3_1,32,24000,0.07,0.0149903812183115,False,False
3_1,32,24000,0.08,0.0172447650806528,False,False
3_1,32,24000,0.09,0.0188699015589672,False,False
3_1,32,24000,0.1,0.0228982410902391,False,False
3_1,32,24000,0.11,0.0306496966081305,False,False
3_1,32,24000,0.12,0.0393301981605781,False,False
3_1,32,24000,0.13,0.0416849951427231,False,False
3_1,32,24000,0.14,0.0421773078777849,False,False
3_1,32,24000,0.15,0.0475276224161039,False,False
3_1,32,24000,0.16,0.0382473935367047,False,False
3_1,32,24000,0.17,0.0286801874753067,False,False
3_1,32,24000,0.18,0.0180987709105617,False,False
3_1,32,24000,0.19,0.0124760352370735,False,False
3_1,32,24000,0.2,0.0099864306528488,True,False
3_1,32,24000,0.21,0.0089737173357564,False,False
3_1,32,24000,0.22,0.008589639947017,True,False
3_1,32,24000,0.23,0.0085851273079696,True,False
3_1,32,24000,0.24,0.008651128179439,False,False
3_1,32,24000,0.25,0.0089991012408094,True,False
3_1,32,24000,0.26,0.0095228777887797,False,False
3_1,32,24000,0.27,0.0108355213462101,True,False
3_1,32,24000,0.28,0.0109774249110302,True,False
3_1,32,24000,0.29,0.0106313185582307,True,False
3_1,32,24000,0.3,0.0117938620285331,True,False
3_1,32,24000,0.31,0.0107144759840685,True,False
3_1,32,24000,0.32,0.0104492184218159,True,False
3_1,32,24000,0.33,0.0099462857151387,False,False
3_1,32,24000,0.34,0.0073222943543964,False,False
3_1,32,24000,0.35,0.0104370531255925,False,False
3_1,32,24000,0.36,0.0110825861075608,False,False
3_1,32,24000,0.37,0.0111647463820367,False,False
3_1,32,24000,0.38,0.0100042010871152,False,False
3_1,32,24000,0.39,0.0089766901879588,False,False
3_1,32,24000,0.4,0.0081765552263508,False,False
3_1,32,24000,0.41,0.0078413752621131,False,False
3_1,32,24000,0.42,0.0077256378583943,False,False
3_1,32,24000,0.43,0.0079376274816872,False,False
3_1,32,24000,0.44,0.008640922612297,False,False
3_1,32,24000,0.45,0.0103528727170067,False,False
3_1,32,24000,0.46,0.0142888228947498,False,False
3_1,32,24000,0.47,0.021687404401921,False,False
3_1,32,24000,0.48,0.0261057032946051,False,False
3_1,32,24000,0.49,0.028593348738604,False,False
3_1,32,24000,0.5,0.0316062514940994,False,False
2_1_1,16,24000,0.0,0.0255557236072476,True,False
2_1_1,16,24000,0.01,0.0253441261930422,True,False
2_1_1,16,24000,0.02,0.0258552577761251,False,False
2_1_1,16,24000,0.03,0.0248731517530871,False,False
2_1_1,16,24000,0.04,0.0246249054269442,True,False
2_1_1,16,24000,0.05,0.0241947069982136,False,False
2_1_1,16,24000,0.06,0.0244763720972832,False,False
2_1_1,16,24000,0.07,0.0250882685549971,True,False
2_1_1,16,24000,0.08,0.0270079613207256,True,False
2_1_1,16,24000,0.09,0.0297799046967964,True,False
2_1_1,16,24000,0.1,0.0343437616413784,True,False
2_1_1,16,24000,0.11,0.0407160798394606,True,False
2_1_1,16,24000,0.12,0.0477826485164052,True,False
2_1_1,16,24000,0.13,0.0548854171999435,True,False
2_1_1,16,24000,0.14,0.0661027187279733,True,False
2_1_1,16,24000,0.15,0.0814797376696409,True,False
2_1_1,16,24000,0.16,0.0867720686106349,True,False
2_1_1,16,24000,0.17,0.0870507957080772,False,False
2_1_1,16,24000,0.18,0.0885091456060149,True,False
2_1_1,16,24000,0.19,0.1034664822355083,True,False
2_1_1,16,24000,0.2,0.12547855858296,False,False
2_1_1,16,24000,0.21,0.1347775964719374,False,False
2_1_1,16,24000,0.22,0.132410473305236,False,False
2_1_1,16,24000,0.23,0.1321789515516075,False,False
2_1_1,16,24000,0.24,0.1400355595098378,False,False
2_1_1,16,24000,0.25,0.1650730277730027,False,False
2_1_1,16,24000,0.26,0.1791483532419997,False,False
2_1_1,16,24000,0.27,0.1836360674702562,False,False
2_1_1,16,24000,0.28,0.1853407905762995,False,False
2_1_1,16,24000,0.29,0.1874349362860479,False,False
2_1_1,16,24000,0.3,0.2061101793820664,False,False
2_1_1,16,24000,0.31,0.2133893678188678,False,False
2_1_1,16,24000,0.32,0.2077093775723197,False,False
2_1_1,16,24000,0.33,0.1906810669757207,True,False
2_1_1,16,24000,0.34,0.1283569757199563,False,False
2_1_1,16,24000,0.35,0.1247776860148152,False,False
2_1_1,16,24000,0.36,0.1314176501977193,True,False
2_1_1,16,24000,0.37,0.143453749182555,True,False
2_1_1,16,24000,0.38,0.134514490318474,True,False
2_1_1,16,24000,0.39,0.1267995372115013,True,False
2_1_1,16,24000,0.4,0.1499991015871659,True,False
2_1_1,16,24000,0.41,0.1459209159666816,True,False
2_1_1,16,24000,0.42,0.1234524508112886,True,False
2_1_1,16,24000,0.43,0.1105498899991283,True,False
2_1_1,16,24000,0.44,0.0996365369798497,True,False
2_1_1,16,24000,0.45,0.0688774496087804,True,False
2_1_1,16,24000,0.46,0.0445059748882852,True,False
2_1_1,16,24000,0.47,0.0330878883215234,True,False
2_1_1,16,24000,0.48,0.030224423156994,True,False
2_1_1,16,24000,0.49,0.0270085819463243,False,False
2_1_1,16,24000,0.5,0.0250401111271152,True,False
2_1_1,32,12000,0.0,0.0113897211352039,True,False
2_1_1,32,12000,0.01,0.0113001583393562,True,False
2_1_1,32,12000,0.02,0.0115323400143724,False,False
2_1_1,32,12000,0.03,0.0111048200493194,False,False
2_1_1,32,12000,0.04,0.0109954190138758,True,False
2_1_1,32,12000,0.05,0.010773873070794,False,False
2_1_1,32,12000,0.06,0.0107996155714512,False,False
2_1_1,32,12000,0.07,0.0107934350495508,True,False
2_1_1,32,12000,0.08,0.0112069353750505,True,False
2_1_1,32,12000,0.09,0.0121356013338287,True,False
2_1_1,32,12000,0.1,0.0140490222665578,True,False
2_1_1,32,12000,0.11,0.0170248935954371,True,False
2_1_1,32,12000,0.12,0.0211662856871408,True,False
2_1_1,32,12000,0.13,0.0248363931953368,True,False
2_1_1,32,12000,0.14,0.0300615370036822,True,False
2_1_1,32,12000,0.15,0.0371996843682025,True,False
2_1_1,32,12000,0.16,0.0383595381208994,True,False
2_1_1,32,12000,0.17,0.0371033229244194,False,False
2_1_1,32,12000,0.18,0.0359002729078841,True,False
2_1_1,32,12000,0.19,0.041853452371173,True,False
2_1_1,32,12000,0.2,0.0527788917938587,False,False
2_1_1,32,12000,0.21,0.0584534628873964,False,False
2_1_1,32,12000,0.22,0.0597506520426743,False,False
2_1_1,32,12000,0.23,0.0637544706609805,False,False
2_1_1,32,12000,0.24,0.0708308405541359,False,False
2_1_1,32,12000,0.25,0.0862202791766243,False,False
2_1_1,32,12000,0.26,0.0980415418486648,False,False
2_1_1,32,12000,0.27,0.1057412517904178,False,False
2_1_1,32,12000,0.28,0.1091926670054919,False,False
2_1_1,32,12000,0.29,0.1111797708611496,False,False
2_1_1,32,12000,0.3,0.1210705559705542,False,False
2_1_1,32,12000,0.31,0.1212743311547443,False,False
2_1_1,32,12000,0.32,0.1178521993725832,False,False
2_1_1,32,12000,0.33,0.1082389475284535,True,False
2_1_1,32,12000,0.34,0.0622756021695444,False,False
2_1_1,32,12000,0.35,0.0629498416083012,False,False
2_1_1,32,12000,0.36,0.0657165560401618,True,False
2_1_1,32,12000,0.37,0.0694123968597409,True,False
2_1_1,32,12000,0.38,0.0638865712379826,True,False
2_1_1,32,12000,0.39,0.0573123281893473,True,False
2_1_1,32,12000,0.4,0.0642134437049355,True,False
2_1_1,32,12000,0.41,0.0620741664600559,True,False
2_1_1,32,12000,0.42,0.0503944989474626,True,False
2_1_1,32,12000,0.43,0.0439603086740993,True,False
2_1_1,32,12000,0.44,0.0379982425246592,True,False
2_1_1,32,12000,0.45,0.0244306149978594,True,False
2_1_1,32,12000,0.46,0.0148595104230479,True,False
2_1_1,32,12000,0.47,0.010868256711275,True,False
2_1_1,32,12000,0.48,0.0095303379955684,True,False
2_1_1,32,12000,0.49,0.0087415325092283,False,False
2_1_1,32,12000,0.5,0.0083833833764575,True,False
2_1_1,32,2000,0.0,0.0276651435318779,True,False
2_1_1,32,2000,0.01,0.0272011534899921,True,False
2_1_1,32,2000,0.02,0.0283313154300266,False,False
2_1_1,32,2000,0.03,0.0259892311695779,False,False
2_1_1,32,2000,0.04,0.0251962487935947,True,False
2_1_1,32,2000,0.05,0.0237793595964022,False,False
2_1_1,32,2000,0.06,0.0237043240625478,False,False
2_1_1,32,2000,0.07,0.0238979347829636,True,False
2_1_1,32,2000,0.08,0.0266715736265658,True,False
2_1_1,32,2000,0.09,0.0310500945538217,True,False
2_1_1,32,2000,0.1,0.0377730392847066,True,False
2_1_1,32,2000,0.11,0.0449108401625756,True,False
2_1_1,32,2000,0.12,0.0482015451832784,True,False
2_1_1,32,2000,0.13,0.0501925787168253,True,False
2_1_1,32,2000,0.14,0.061758508241104,True,False
2_1_1,32,2000,0.15,0.0798598017086757,True,False
2_1_1,32,2000,0.16,0.0824778556992096,True,False
2_1_1,32,2000,0.17,0.073908907213614,False,False
2_1_1,32,2000,0.18,0.0629969031616737,True,False
2_1_1,32,2000,0.19,0.0668470981010558,True,False
2_1_1,32,2000,0.2,0.0796656844438576,False,False
2_1_1,32,2000,0.21,0.0834584066468146,False,False
2_1_1,32,2000,0.22,0.0807385705910017,False,False
2_1_1,32,2000,0.23,0.082347877673224,False,False
2_1_1,32,2000,0.24,0.0906764525915977,False,False
2_1_1,32,2000,0.25,0.109547383508076,False,False
2_1_1,32,2000,0.26,0.1201149262230551,False,False
2_1_1,32,2000,0.27,0.1259244558519253,False,False
2_1_1,32,2000,0.28,0.1276838073554168,False,False
2_1_1,32,2000,0.29,0.1282859187386655,False,False
2_1_1,32,2000,0.3,0.1383782627135698,False,False
2_1_1,32,2000,0.31,0.1374891695696269,False,False
2_1_1,32,2000,0.32,0.1327038591073562,False,False
2_1_1,32,2000,0.33,0.1222293287601558,True,False
2_1_1,32,2000,0.34,0.0690352534213973,False,False
2_1_1,32,2000,0.35,0.0956159404516957,False,False
2_1_1,32,2000,0.36,0.0968735068887438,True,False
2_1_1,32,2000,0.37,0.0995899958412143,True,False
2_1_1,32,2000,0.38,0.088171678758284,True,False
2_1_1,32,2000,0.39,0.0804663648176925,True,False
2_1_1,32,2000,0.4,0.0929549219745755,True,False
2_1_1,32,2000,0.41,0.0876337121036964,True,False
2_1_1,32,2000,0.42,0.0709323734616678,True,False
2_1_1,32,2000,0.43,0.058010443075122,True,False
2_1_1,32,2000,0.44,0.0521802015774115,True,False
2_1_1,32,2000,0.45,0.0422105512894759,True,False
2_1_1,32,2000,0.46,0.0303904776396431,True,False
2_1_1,32,2000,0.47,0.0228965883758271,True,False
2_1_1,32,2000,0.48,0.020841113022572,True,False
2_1_1,32,2000,0.49,0.0190059665365078,False,False
2_1_1,32,2000,0.5,0.0175134435269492,True,False
1_2,32,24000,0.0,0.0204841421841269,True,True
1_2,32,24000,0.01,0.0203107231654619,True,True
1_2,32,24000,0.02,0.020942852458361,True,True
1_2,32,24000,0.03,0.0200882549633884,True,True
1_2,32,24000,0.04,0.0200135429561863,True,True
1_2,32,24000,0.05,0.0196729876188259,True,True
1_2,32,24000,0.06,0.0199531368607971,True,True
1_2,32,24000,0.07,0.0201114548242332,True,True
1_2,32,24000,0.08,0.0211123998827003,True,True
1_2,32,24000,0.09,0.0223370692174984,True,True
1_2,32,24000,0.1,0.025188599446168,True,True
1_2,32,24000,0.11,0.0307967270852753,True,True
1_2,32,24000,0.12,0.0368113186545032,True,True
1_2,32,24000,0.13,0.0431702605904788,True,True
1_2,32,24000,0.14,0.0498311836414672,True,True
1_2,32,24000,0.15,0.0600623888509678,True,True
1_2,32,24000,0.16,0.063951745846904,True,True
1_2,32,24000,0.17,0.0626380621644714,True,True
1_2,32,24000,0.18,0.0591980188916046,True,True
1_2,32,24000,0.19,0.0604366800230528,True,True
1_2,32,24000,0.2,0.0662152822991271,True,True
1_2,32,24000,0.21,0.0705511419161956,True,True
1_2,32,24000,0.22,0.0718491032713508,True,True
1_2,32,24000,0.23,0.0752606992510698,True,True
1_2,32,24000,0.24,0.0821640119698616,True,True
1_2,32,24000,0.25,0.0975837458558457,True,True
1_2,32,24000,0.26,0.1078622487985321,True,True
1_2,32,24000,0.27,0.1154537220004481,True,True
1_2,32,24000,0.28,0.1196119436880441,True,True
1_2,32,24000,0.29,0.1218315110906369,True,True
1_2,32,24000,0.3,0.1359083640407622,True,True
1_2,32,24000,0.31,0.1411463894146165,True,True
1_2,32,24000,0.32,0.1388718410124736,True,True
1_2,32,24000,0.33,0.1282777528896381,True,True
1_2,32,24000,0.34,0.092519809856389,True,True
1_2,32,24000,0.35,0.0911649405709355,True,True
1_2,32,24000,0.36,0.0988690227407517,True,True
1_2,32,24000,0.37,0.1071370764397879,True,True
1_2,32,24000,0.38,0.0987483838487087,True,True
1_2,32,24000,0.39,0.0909628763897457,True,True
1_2,32,24000,0.4,0.1082522439398524,True,True
1_2,32,24000,0.41,0.1074419912092793,True,True
1_2,32,24000,0.42,0.0924158871322368,True,True
1_2,32,24000,0.43,0.0807788935358995,True,True
1_2,32,24000,0.44,0.0714521340069071,True,True
1_2,32,24000,0.45,0.0453376907529173,True,True
1_2,32,24000,0.46,0.0306135512809152,True,True
1_2,32,24000,0.47,0.0247606250196642,True,True
1_2,32,24000,0.48,0.022812944749859,True,True
1_2,32,24000,0.49,0.0221346704803353,True,True
1_2,32,24000,0.5,0.0218628100541205,True,True
2_1_1,8,24000,0.0,0.0651613950108118,True,False
2_1_1,8,24000,0.01,0.0647549314894089,True,False
2_1_1,8,24000,0.02,0.0655436360366303,False,False
2_1_1,8,24000,0.03,0.0636737426838506,False,False
2_1_1,8,24000,0.04,0.0630492170827234,True,False
2_1_1,8,24000,0.05,0.0621132165191485,False,False
2_1_1,8,24000,0.06,0.0625607251963271,False,False
2_1_1,8,24000,0.07,0.0638085214955046,True,False
2_1_1,8,24000,0.08,0.0681452639013304,True,False
2_1_1,8,24000,0.09,0.0747308876268551,True,False
2_1_1,8,24000,0.1,0.0849722448871765,True,False
2_1_1,8,24000,0.11,0.0975725709424031,True,False
2_1_1,8,24000,0.12,0.1079087292797677,True,False
2_1_1,8,24000,0.13,0.1144596865476302,True,False
2_1_1,8,24000,0.14,0.1289089462092204,True,False
2_1_1,8,24000,0.15,0.1538400211562261,True,False
2_1_1,8,24000,0.16,0.1653551573525169,True,False
2_1_1,8,24000,0.17,0.1680980105815478,False,False
2_1_1,8,24000,0.18,0.1764896045968733,True,False
2_1_1,8,24000,0.19,0.2083128754051193,True,False
2_1_1,8,24000,0.2,0.2477285928333551,False,False
2_1_1,8,24000,0.21,0.2632188645241552,False,False
2_1_1,8,24000,0.22,0.2580473596957212,False,False
2_1_1,8,24000,0.23,0.2518898782858975,False,False
2_1_1,8,24000,0.24,0.2558607531267524,False,False
2_1_1,8,24000,0.25,0.2811759293434764,False,False
2_1_1,8,24000,0.26,0.2860131691429934,False,False
2_1_1,8,24000,0.27,0.2811926899449747,False,False
2_1_1,8,24000,0.28,0.2766697665895555,False,False
2_1_1,8,24000,0.29,0.2729801225044441,False,False
2_1_1,8,24000,0.3,0.2928024749339154,False,False
2_1_1,8,24000,0.31,0.3000015634505707,False,False
2_1_1,8,24000,0.32,0.2868434344049784,False,False
2_1_1,8,24000,0.33,0.2658101576997915,True,False
2_1_1,8,24000,0.34,0.2007111739516457,False,False
2_1_1,8,24000,0.35,0.1952208612071935,False,False
2_1_1,8,24000,0.36,0.2028914483790873,True,False
2_1_1,8,24000,0.37,0.2183234632248034,True,False
2_1_1,8,24000,0.38,0.2063396510099691,True,False
2_1_1,8,24000,0.39,0.1965363144949598,True,False
2_1_1,8,24000,0.4,0.2323012555687533,True,False
2_1_1,8,24000,0.41,0.2297289261226095,True,False
2_1_1,8,24000,0.42,0.2054494511332584,True,False
2_1_1,8,24000,0.43,0.1901725657523559,True,False
2_1_1,8,24000,0.44,0.1801914849635773,True,False
2_1_1,8,24000,0.45,0.1457289675402263,True,False
2_1_1,8,24000,0.46,0.1039621420422325,True,False
2_1_1,8,24000,0.47,0.0806183104458805,True,False
2_1_1,8,24000,0.48,0.0742915238546423,True,False
2_1_1,8,24000,0.49,0.064697022731024,False,False
2_1_1,8,24000,0.5,0.0563486057711932,True,False
2_1_1,24,24000,0.0,0.0103683273528692,True,False
2_1_1,24,24000,0.01,0.010217668332137,True,False
2_1_1,24,24000,0.02,0.0105714314859304,False,False
2_1_1,24,24000,0.03,0.0098550605425671,False,False
2_1_1,24,24000,0.04,0.0096062980194627,True,False
2_1_1,24,24000,0.05,0.0091585327866818,False,False
2_1_1,24,24000,0.06,0.0089521921345828,False,False
2_1_1,24,24000,0.07,0.0086826412095743,True,False
2_1_1,24,24000,0.08,0.0089640762576675,True,False
2_1_1,24,24000,0.09,0.0098320479188668,True,False
2_1_1,24,24000,0.1,0.0117678986397139,True,False
2_1_1,24,24000,0.11,0.0148679778094316,True,False
2_1_1,24,24000,0.12,0.0187527347369014,True,False
2_1_1,24,24000,0.13,0.022307768141225,True,False
2_1_1,24,24000,0.14,0.0266446837035579,True,False
2_1_1,24,24000,0.15,0.0328695110516068,True,False
2_1_1,24,24000,0.16,0.0345054685603134,True,False
2_1_1,24,24000,0.17,0.0348666691498372,False,False
2_1_1,24,24000,0.18,0.0364392955571276,True,False
2_1_1,24,24000,0.19,0.0448669517466905,True,False
2_1_1,24,24000,0.2,0.0564012687189858,False,False
2_1_1,24,24000,0.21,0.0624395171960065,False,False
2_1_1,24,24000,0.22,0.0639028490621219,False,False
2_1_1,24,24000,0.23,0.0679790083237266,False,False
2_1_1,24,24000,0.24,0.0750944507755648,False,False
2_1_1,24,24000,0.25,0.0906127638587881,False,False
2_1_1,24,24000,0.26,0.1020806483402131,False,False
2_1_1,24,24000,0.27,0.1084682282021073,False,False
2_1_1,24,24000,0.28,0.1108035850710653,False,False
2_1_1,24,24000,0.29,0.1117248636429046,False,False
2_1_1,24,24000,0.3,0.1203861618383403,False,False
2_1_1,24,24000,0.31,0.1212319111065108,False,False
2_1_1,24,24000,0.32,0.118348994369033,False,False
2_1_1,24,24000,0.33,0.109820575611055,True,False
2_1_1,24,24000,0.34,0.0642089126294009,False,False
2_1_1,24,24000,0.35,0.0657238827819483,False,False
2_1_1,24,24000,0.36,0.0665133535852335,True,False
2_1_1,24,24000,0.37,0.0694913105229949,True,False
2_1_1,24,24000,0.38,0.0636401983473202,True,False
2_1_1,24,24000,0.39,0.0560214633077428,True,False
2_1_1,24,24000,0.4,0.0612139830033018,True,False
2_1_1,24,24000,0.41,0.0621459312748088,True,False
2_1_1,24,24000,0.42,0.0479166381500708,True,False
2_1_1,24,24000,0.43,0.0396678128017724,True,False
2_1_1,24,24000,0.44,0.0323300075779935,True,False
2_1_1,24,24000,0.45,0.0218580451289333,True,False
2_1_1,24,24000,0.46,0.0125440344774904,True,False
2_1_1,24,24000,0.47,0.010163561346304,True,False
2_1_1,24,24000,0.48,0.0091284848359102,True,False
2_1_1,24,24000,0.49,0.0079885547434377,False,False
2_1_1,24,24000,0.5,0.0066598890367751,True,False
1_1,32,24000,0.0,0.0061736303192081,True,False
1_1,32,24000,0.01,0.0061661372871185,True,False
1_1,32,24000,0.02,0.0062302948899566,True,False
1_1,32,24000,0.03,0.0061797404489749,True,False
1_1,32,24000,0.04,0.0061985026450383,True,False
1_1,32,24000,0.05,0.0062027581427085,True,False
1_1,32,24000,0.06,0.0062522792862971,True,False
1_1,32,24000,0.07,0.0062834730900827,True,False
1_1,32,24000,0.08,0.0063710581308073,True,False
1_1,32,24000,0.09,0.0064357998821098,True,False
1_1,32,24000,0.1,0.0065969281266342,True,False
1_1,32,24000,0.11,0.0070484860133813,True,False
1_1,32,24000,0.12,0.0077310594533362,True,False
1_1,32,24000,0.13,0.007672317042237,True,False
1_1,32,24000,0.14,0.0076701484987319,True,False
1_1,32,24000,0.15,0.0087478335055533,True,False
1_1,32,24000,0.16,0.0082412845679362,True,False
1_1,32,24000,0.17,0.0075721861038401,True,False
1_1,32,24000,0.18,0.0070700541486535,True,False
1_1,32,24000,0.19,0.0070431361681435,True,False
1_1,32,24000,0.2,0.0070863243969662,True,False
1_1,32,24000,0.21,0.0072034508376744,True,False
1_1,32,24000,0.22,0.0073990028919697,True,False
1_1,32,24000,0.23,0.0079133441411958,True,False
1_1,32,24000,0.24,0.0083117710421112,True,False
1_1,32,24000,0.25,0.0092739665706129,True,False
1_1,32,24000,0.26,0.010497888072052,True,False
1_1,32,24000,0.27,0.013029432432128,True,False
1_1,32,24000,0.28,0.0136084811132707,True,False
1_1,32,24000,0.29,0.0134099381261191,True,False
1_1,32,24000,0.3,0.0159865485509519,True,False
1_1,32,24000,0.31,0.0142568910145427,True,False
1_1,32,24000,0.32,0.0138008257366578,True,False
1_1,32,24000,0.33,0.0127791901124605,True,False
1_1,32,24000,0.34,0.0057184705010948,True,False
1_1,32,24000,0.35,0.0070542894567245,True,False
1_1,32,24000,0.36,0.0071203309781068,True,False
1_1,32,24000,0.37,0.0068617486510489,True,False
1_1,32,24000,0.38,0.0062690375311832,True,False
1_1,32,24000,0.39,0.0059023404325138,True,False
1_1,32,24000,0.4,0.0057334255544589,True,False
1_1,32,24000,0.41,0.005675541171933,True,False
1_1,32,24000,0.42,0.0056869686245934,True,False
1_1,32,24000,0.43,0.0057601664960093,True,False
1_1,32,24000,0.44,0.0058884804507455,True,False
1_1,32,24000,0.45,0.0060634469295879,True,False
1_1,32,24000,0.46,0.0063003071793775,True,False
1_1,32,24000,0.47,0.0063939963065169,True,False
1_1,32,24000,0.48,0.0061440880895699,True,False
1_1,32,24000,0.49,0.0057809324463816,True,False
1_1,32,24000,0.5,0.0055337100284298,True,False
2_3_2,32,24000,0.0,0.0220251235210578,True,True
2_3_2,32,24000,0.01,0.0217246332784938,True,True
2_3_2,32,24000,0.02,0.0227406871226422,False,True
2_3_2,32,24000,0.03,0.0212970312376635,False,True
2_3_2,32,24000,0.04,0.0212229920017746,True,True
2_3_2,32,24000,0.05,0.0209938889883941,False,True
2_3_2,32,24000,0.06,0.0215723547252696,False,True
2_3_2,32,24000,0.07,0.0216152390676082,True,True
2_3_2,32,24000,0.08,0.0230071889263976,True,True
2_3_2,32,24000,0.09,0.0240489692163376,True,True
2_3_2,32,24000,0.1,0.0273303307970542,True,True
2_3_2,32,24000,0.11,0.0328732788793953,True,True
2_3_2,32,24000,0.12,0.038528602945244,True,True
2_3_2,32,24000,0.13,0.0441416061867206,True,True
2_3_2,32,24000,0.14,0.0524989410795543,True,True
2_3_2,32,24000,0.15,0.0664983135609416,True,True
2_3_2,32,24000,0.16,0.068197483051956,True,True
2_3_2,32,24000,0.17,0.0623259818322199,False,True
2_3_2,32,24000,0.18,0.0571550796451382,True,True
2_3_2,32,24000,0.19,0.0608036641464068,True,True
2_3_2,32,24000,0.2,0.0689726580267094,True,True
2_3_2,32,24000,0.21,0.0722588800479752,True,True
2_3_2,32,24000,0.22,0.0703531730618026,True,True
2_3_2,32,24000,0.23,0.0710596930380981,True,True
2_3_2,32,24000,0.24,0.077676194725461,False,True
2_3_2,32,24000,0.25,0.0953910218835049,True,True
2_3_2,32,24000,0.26,0.1056481800682402,False,True
2_3_2,32,24000,0.27,0.1106825777030839,True,True
2_3_2,32,24000,0.28,0.1124556955744158,True,True
2_3_2,32,24000,0.29,0.112941532462362,True,True
2_3_2,32,24000,0.3,0.1256214459209455,True,True
2_3_2,32,24000,0.31,0.1295632148579371,True,True
2_3_2,32,24000,0.32,0.1278337183928343,True,True
2_3_2,32,24000,0.33,0.1178974209923496,False,True
2_3_2,32,24000,0.34,0.0848984722208659,False,True
2_3_2,32,24000,0.35,0.1060732431905446,False,True
2_3_2,32,24000,0.36,0.1107080846930834,False,True
2_3_2,32,24000,0.37,0.1167638769355051,False,True
2_3_2,32,24000,0.38,0.1050657107069317,False,True
2_3_2,32,24000,0.39,0.094866937963512,False,True
2_3_2,32,24000,0.4,0.1128213507389225,False,True
2_3_2,32,24000,0.41,0.1055998335030834,False,True
2_3_2,32,24000,0.42,0.087655692052485,False,True
2_3_2,32,24000,0.43,0.0744854821114863,False,True
2_3_2,32,24000,0.44,0.069513433694976,False,True
2_3_2,32,24000,0.45,0.0449699862813362,False,True
2_3_2,32,24000,0.46,0.0324626492412131,False,True
2_3_2,32,24000,0.47,0.0334841298053545,False,True
2_3_2,32,24000,0.48,0.0349532083002405,False,True
2_3_2,32,24000,0.49,0.0362418899229343,False,True
2_3_2,32,24000,0.5,0.0413010353254205,False,True
2_1_1,20,24000,0.0,0.0197856508185511,True,False
2_1_1,20,24000,0.01,0.0196678668999052,True,False
2_1_1,20,24000,0.02,0.0200909606538785,False,False
2_1_1,20,24000,0.03,0.0195112561534389,False,False
2_1_1,20,24000,0.04,0.0194601328935778,True,False
2_1_1,20,24000,0.05,0.0192393017482349,False,False
2_1_1,20,24000,0.06,0.0194937054722849,False,False
2_1_1,20,24000,0.07,0.0197367068467106,True,False
2_1_1,20,24000,0.08,0.0206908897185699,True,False
2_1_1,20,24000,0.09,0.0221364249264224,True,False
2_1_1,20,24000,0.1,0.0253182584815602,True,False
2_1_1,20,24000,0.11,0.0304821261442272,True,False
2_1_1,20,24000,0.12,0.0364004537685247,True,False
2_1_1,20,24000,0.13,0.041805745080301,True,False
2_1_1,20,24000,0.14,0.0471338783963211,True,False
2_1_1,20,24000,0.15,0.0554293699934076,True,False
2_1_1,20,24000,0.16,0.058393590632594,True,False
2_1_1,20,24000,0.17,0.0599371979297378,False,False
2_1_1,20,24000,0.18,0.0642371688074542,True,False
2_1_1,20,24000,0.19,0.0766767785477547,True,False
2_1_1,20,24000,0.2,0.0930922761586833,False,False
2_1_1,20,24000,0.21,0.0995304814615286,False,False
2_1_1,20,24000,0.22,0.0986540188939016,False,False
2_1_1,20,24000,0.23,0.1017903851104335,False,False
2_1_1,20,24000,0.24,0.1123139360314375,False,False
2_1_1,20,24000,0.25,0.136602336079845,False,False
2_1_1,20,24000,0.26,0.1512794235588377,False,False
2_1_1,20,24000,0.27,0.1572445203694463,False,False
2_1_1,20,24000,0.28,0.1588525098952471,False,False
2_1_1,20,24000,0.29,0.1606995685945648,False,False
2_1_1,20,24000,0.3,0.1737605267465035,False,False
2_1_1,20,24000,0.31,0.1753884285875548,False,False
2_1_1,20,24000,0.32,0.1713248111356764,False,False
2_1_1,20,24000,0.33,0.158693618902675,True,False
2_1_1,20,24000,0.34,0.1007393749240436,False,False
2_1_1,20,24000,0.35,0.096519511028704,False,False
2_1_1,20,24000,0.36,0.0956788318918583,True,False
2_1_1,20,24000,0.37,0.1003815186918554,True,False
2_1_1,20,24000,0.38,0.0945704593668616,True,False
2_1_1,20,24000,0.39,0.0900361136210607,True,False
2_1_1,20,24000,0.4,0.1071084266797895,True,False
2_1_1,20,24000,0.41,0.1025041902794633,True,False
2_1_1,20,24000,0.42,0.083849393260893,True,False
2_1_1,20,24000,0.43,0.0730638471882789,True,False
2_1_1,20,24000,0.44,0.0627601554251783,True,False
2_1_1,20,24000,0.45,0.0440839683268762,True,False
2_1_1,20,24000,0.46,0.0295496671846192,True,False
2_1_1,20,24000,0.47,0.0242102233996187,True,False
2_1_1,20,24000,0.48,0.023107515241605,True,False
2_1_1,20,24000,0.49,0.0209197414457372,False,False
2_1_1,20,24000,0.5,0.0184777530350107,True,False
2_1_1,32,16000,0.0,0.0066017198876736,True,False
2_1_1,32,16000,0.01,0.0065924854908238,True,False
2_1_1,32,16000,0.02,0.0066596112687005,False,False
2_1_1,32,16000,0.03,0.0066064290724742,False,False
2_1_1,32,16000,0.04,0.0066269086946426,True,False
2_1_1,32,16000,0.05,0.0066326367269216,False,False
2_1_1,32,16000,0.06,0.0066896253535889,False,False
2_1_1,32,16000,0.07,0.0067331637228962,True,False
2_1_1,32,16000,0.08,0.0068349866647689,True,False
2_1_1,32,16000,0.09,0.0069282183035059,True,False
2_1_1,32,16000,0.1,0.007115371519784,True,False
2_1_1,32,16000,0.11,0.0074963460889573,True,False
2_1_1,32,16000,0.12,0.0080996459666025,True,False
2_1_1,32,16000,0.13,0.0084362453680496,True,False
2_1_1,32,16000,0.14,0.009197281568166,True,False
2_1_1,32,16000,0.15,0.01145369661945,True,False
2_1_1,32,16000,0.16,0.0123982511034266,True,False
2_1_1,32,16000,0.17,0.0137180598505545,False,False
2_1_1,32,16000,0.18,0.0146622349198429,True,False
2_1_1,32,16000,0.19,0.0165487988542107,True,False
2_1_1,32,16000,0.2,0.0185852518925996,False,False
2_1_1,32,16000,0.21,0.0214031068541219,False,False
2_1_1,32,16000,0.22,0.025194120815868,False,False
2_1_1,32,16000,0.23,0.031298039000576,False,False
2_1_1,32,16000,0.24,0.0365642591954291,False,False
2_1_1,32,16000,0.25,0.0435780081354658,False,False
2_1_1,32,16000,0.26,0.0499544521140046,False,False
2_1_1,32,16000,0.27,0.0579261672718729,False,False
2_1_1,32,16000,0.28,0.0609588787224897,False,False
2_1_1,32,16000,0.29,0.0622232028939738,False,False
2_1_1,32,16000,0.3,0.0674691477831666,False,False
2_1_1,32,16000,0.31,0.061037142801325,False,False
2_1_1,32,16000,0.32,0.0558773922718178,False,False
2_1_1,32,16000,0.33,0.0481953859932453,True,False
2_1_1,32,16000,0.34,0.0096908668960539,False,False
2_1_1,32,16000,0.35,0.0130292208746689,False,False
2_1_1,32,16000,0.36,0.0125353137493079,True,False
2_1_1,32,16000,0.37,0.0114626145233281,True,False
2_1_1,32,16000,0.38,0.0097893146175848,True,False
2_1_1,32,16000,0.39,0.008539850495039,True,False
2_1_1,32,16000,0.4,0.0081993991296019,True,False
2_1_1,32,16000,0.41,0.0080776030145396,True,False
2_1_1,32,16000,0.42,0.007876916763783,True,False
2_1_1,32,16000,0.43,0.0077743415753805,True,False
2_1_1,32,16000,0.44,0.0074454590666427,True,False
2_1_1,32,16000,0.45,0.0070409048054735,True,False
2_1_1,32,16000,0.46,0.0069218501505487,True,False
2_1_1,32,16000,0.47,0.0069039653674429,True,False
2_1_1,32,16000,0.48,0.0066203444872497,True,False
2_1_1,32,16000,0.49,0.006229225736502,False,False
2_1_1,32,16000,0.5,0.0058888844835213,True,False
2_1_2,32,24000,0.0,0.009810373509734,True,True
2_1_2,32,24000,0.01,0.0097367703815004,True,True
2_1_2,32,24000,0.02,0.0101603754983065,False,True
2_1_2,32,24000,0.03,0.0097547245927211,False,True
2_1_2,32,24000,0.04,0.0098373300027418,True,True
2_1_2,32,24000,0.05,0.0098017423400323,False,True
2_1_2,32,24000,0.06,0.010162782988964,False,True
2_1_2,32,24000,0.07,0.0103830343771023,True,True
2_1_2,32,24000,0.08,0.0110670944408311,True,True
2_1_2,32,24000,0.09,0.0118584915702542,True,True
2_1_2,32,24000,0.1,0.0133840399471714,True,True
2_1_2,32,24000,0.11,0.0159663750138019,True,True
2_1_2,32,24000,0.12,0.0195256856818204,True,True
2_1_2,32,24000,0.13,0.022098292524703,True,True
2_1_2,32,24000,0.14,0.025167574021146,True,True
2_1_2,32,24000,0.15,0.030972989185632,True,True
2_1_2,32,24000,0.16,0.0315038275665994,True,True
2_1_2,32,24000,0.17,0.0319599993525697,False,True
2_1_2,32,24000,0.18,0.0335559342380401,True,True
2_1_2,32,24000,0.19,0.0392177653518051,True,True
2_1_2,32,24000,0.2,0.0463496251234957,False,True
2_1_2,32,24000,0.21,0.0501256626201408,False,True
2_1_2,32,24000,0.22,0.0529131425052344,False,True
2_1_2,32,24000,0.23,0.0590037283164901,False,True
2_1_2,32,24000,0.24,0.0668284045464213,False,True
2_1_2,32,24000,0.25,0.0801989866037343,False,True
2_1_2,32,24000,0.26,0.0903909255077664,False,True
2_1_2,32,24000,0.27,0.0985244251567266,False,True
2_1_2,32,24000,0.28,0.1023278296259087,False,True
2_1_2,32,24000,0.29,0.1048100614368923,False,True
2_1_2,32,24000,0.3,0.1144680651146157,False,True
2_1_2,32,24000,0.31,0.1139631069311597,False,True
2_1_2,32,24000,0.32,0.1108229500159286,False,True
2_1_2,32,24000,0.33,0.1015223760608776,True,True
2_1_2,32,24000,0.34,0.0566668397163614,False,True
2_1_2,32,24000,0.35,0.0544025885798834,False,True
2_1_2,32,24000,0.36,0.0549544825892492,True,True
2_1_2,32,24000,0.37,0.0589870132138096,True,True
2_1_2,32,24000,0.38,0.0541048086681806,True,True
2_1_2,32,24000,0.39,0.048168823671733,True,True
2_1_2,32,24000,0.4,0.0560516129505409,True,True
2_1_2,32,24000,0.41,0.0569869831350331,True,True
2_1_2,32,24000,0.42,0.0471539659185629,True,True
2_1_2,32,24000,0.43,0.0405271569579702,True,True
2_1_2,32,24000,0.44,0.0356265404102766,True,True
2_1_2,32,24000,0.45,0.0227980619176953,True,True
2_1_2,32,24000,0.46,0.0140433624247297,True,True
2_1_2,32,24000,0.47,0.0111416469578318,True,True
2_1_2,32,24000,0.48,0.0103139465864726,True,True
2_1_2,32,24000,0.49,0.0098773540703701,False,True
2_1_2,32,24000,0.5,0.0101994053634114,True,True
2_1_1,32,8000,0.0,0.0102029638952236,True,False
2_1_1,32,8000,0.01,0.0101234091288188,True,False
2_1_1,32,8000,0.02,0.0103446209488154,False,False
2_1_1,32,8000,0.03,0.0099799459330664,False,False
2_1_1,32,8000,0.04,0.0099041800894378,True,False
2_1_1,32,8000,0.05,0.0096920363975437,False,False
2_1_1,32,8000,0.06,0.0097563946107066,False,False
2_1_1,32,8000,0.07,0.0098690661738627,True,False
2_1_1,32,8000,0.08,0.0104754806448645,True,False
2_1_1,32,8000,0.09,0.0113725648239176,True,False
2_1_1,32,8000,0.1,0.0129500123183205,True,False
2_1_1,32,8000,0.11,0.0153144126678053,True,False
2_1_1,32,8000,0.12,0.0180365982896771,True,False
2_1_1,32,8000,0.13,0.0200508950212216,True,False
2_1_1,32,8000,0.14,0.0237309732432407,True,False
2_1_1,32,8000,0.15,0.0293069454719146,True,False
2_1_1,32,8000,0.16,0.0305915026298092,True,False
2_1_1,32,8000,0.17,0.0304139666331033,False,False
2_1_1,32,8000,0.18,0.0319690689141276,True,False
2_1_1,32,8000,0.19,0.039407891040436,True,False
2_1_1,32,8000,0.2,0.0491482338018366,False,False
2_1_1,32,8000,0.21,0.0533369033051071,False,False
2_1_1,32,8000,0.22,0.053488644877371,False,False
2_1_1,32,8000,0.23,0.0558551543831621,False,False
2_1_1,32,8000,0.24,0.0610973269971883,False,False
2_1_1,32,8000,0.25,0.0738308402068724,False,False
2_1_1,32,8000,0.26,0.083980657929658,False,False
2_1_1,32,8000,0.27,0.0900841788240959,False,False
2_1_1,32,8000,0.28,0.0924548649997203,False,False
2_1_1,32,8000,0.29,0.093576301626192,False,False
2_1_1,32,8000,0.3,0.1013700216797501,False,False
2_1_1,32,8000,0.31,0.1014380282616174,False,False
2_1_1,32,8000,0.32,0.0983695730355218,False,False
2_1_1,32,8000,0.33,0.0905986799937623,True,False
2_1_1,32,8000,0.34,0.0514216867054873,False,False
2_1_1,32,8000,0.35,0.0533343588028194,False,False
2_1_1,32,8000,0.36,0.0536594118653168,True,False
2_1_1,32,8000,0.37,0.0564482711761309,True,False
2_1_1,32,8000,0.38,0.0507356312632189,True,False
2_1_1,32,8000,0.39,0.0443728011007274,True,False
2_1_1,32,8000,0.4,0.0519108647239522,True,False
2_1_1,32,8000,0.41,0.0530955820452182,True,False
2_1_1,32,8000,0.42,0.042703436659593,True,False
2_1_1,32,8000,0.43,0.0362634334693973,True,False
2_1_1,32,8000,0.44,0.0307460613427818,True,False
2_1_1,32,8000,0.45,0.0210365596388229,True,False
2_1_1,32,8000,0.46,0.0142956898292007,True,False
2_1_1,32,8000,0.47,0.0117140441434191,True,False
2_1_1,32,8000,0.48,0.0110352071786004,True,False
2_1_1,32,8000,0.49,0.0102215798935849,False,False
2_1_1,32,8000,0.5,0.0090315193747978,True,False
2_2_2,32,24000,0.0,0.0290844336167364,False,True
2_2_2,32,24000,0.01,0.0287546495663328,False,True
2_2_2,32,24000,0.02,0.0305701541745434,False,True
2_2_2,32,24000,0.03,0.0288586252394592,False,True
2_2_2,32,24000,0.04,0.0292261680255712,False,True
2_2_2,32,24000,0.05,0.0289574371118644,False,True
2_2_2,32,24000,0.06,0.0305592299115223,False,True
2_2_2,32,24000,0.07,0.0316463155064645,False,True
2_2_2,32,24000,0.08,0.0347879150097386,False,True
2_2_2,32,24000,0.09,0.036921152943994,False,True
2_2_2,32,24000,0.1,0.0417373739758123,False,True
2_2_2,32,24000,0.11,0.0518296203756922,False,True
2_2_2,32,24000,0.12,0.0640842523825645,False,True
2_2_2,32,24000,0.13,0.0708651405503868,False,True
2_2_2,32,24000,0.14,0.0793575958945348,False,True
2_2_2,32,24000,0.15,0.0908340031611275,False,True
2_2_2,32,24000,0.16,0.0860892816664423,False,True
2_2_2,32,24000,0.17,0.0746090083020986,False,True
2_2_2,32,24000,0.18,0.0596165271378608,False,True
2_2_2,32,24000,0.19,0.0525890271420841,False,True
2_2_2,32,24000,0.2,0.0533936927591077,True,True
2_2_2,32,24000,0.21,0.0527822119333253,False,True
2_2_2,32,24000,0.22,0.048950418001347,True,True
2_2_2,32,24000,0.23,0.0470634799374119,True,True
2_2_2,32,24000,0.24,0.0504548492988441,False,True
2_2_2,32,24000,0.25,0.0593538558632489,True,True
2_2_2,32,24000,0.26,0.0628850288517228,False,True
2_2_2,32,24000,0.27,0.0633698526208123,True,True
2_2_2,32,24000,0.28,0.0625280639900234,True,True
2_2_2,32,24000,0.29,0.062099526912666,True,True
2_2_2,32,24000,0.3,0.0679658382258971,True,True
2_2_2,32,24000,0.31,0.0688014826663395,True,True
2_2_2,32,24000,0.32,0.0677035886740519,True,True
2_2_2,32,24000,0.33,0.0636378354019123,True,True
2_2_2,32,24000,0.34,0.0509891207305782,False,True
2_2_2,32,24000,0.35,0.0561702542752848,False,True
2_2_2,32,24000,0.36,0.0577200783193219,True,True
2_2_2,32,24000,0.37,0.0632589345293845,True,True
2_2_2,32,24000,0.38,0.058533055262965,True,True
2_2_2,32,24000,0.39,0.0550976347935037,True,True
2_2_2,32,24000,0.4,0.0648513215862134,True,True
2_2_2,32,24000,0.41,0.0613624984043055,True,True
2_2_2,32,24000,0.42,0.0513846128398442,True,True
2_2_2,32,24000,0.43,0.0465588008007236,True,True
2_2_2,32,24000,0.44,0.0423716805147185,True,True
2_2_2,32,24000,0.45,0.0311187253105626,True,True
2_2_2,32,24000,0.46,0.0259521462396203,True,True
2_2_2,32,24000,0.47,0.0234845001884111,True,True
2_2_2,32,24000,0.48,0.0218633941180148,True,True
2_2_2,32,24000,0.49,0.0211225351602496,False,True
2_2_2,32,24000,0.5,0.0218654920778621,True,True
3_3,32,24000,0.0,0.0077377093497779,False,False
3_3,32,24000,0.01,0.0076617057611113,False,False
3_3,32,24000,0.02,0.0083152662740461,False,False
3_3,32,24000,0.03,0.0077919840354752,False,False
3_3,32,24000,0.04,0.007992258838475,False,False
3_3,32,24000,0.05,0.007980916013767,False,False
3_3,32,24000,0.06,0.0086575382095653,False,False
3_3,32,24000,0.07,0.0091216437272053,False,False
3_3,32,24000,0.08,0.0107290402338216,False,False
3_3,32,24000,0.09,0.0123774365707638,False,False
3_3,32,24000,0.1,0.0163503546380796,False,False
3_3,32,24000,0.11,0.0236244663619298,False,False
3_3,32,24000,0.12,0.0310209891386267,False,False
3_3,32,24000,0.13,0.0334136358523966,False,False
3_3,32,24000,0.14,0.0347475181869027,False,False
3_3,32,24000,0.15,0.0396820860104244,False,False
3_3,32,24000,0.16,0.033708858955614,False,False
3_3,32,24000,0.17,0.028042783637067,False,False
3_3,32,24000,0.18,0.0223936590575819,False,False
3_3,32,24000,0.19,0.021584062053785,False,False
3_3,32,24000,0.2,0.0220514606370927,False,False
3_3,32,24000,0.21,0.0234668584015941,False,False
3_3,32,24000,0.22,0.0257927374774845,False,False
3_3,32,24000,0.23,0.0303380947053128,False,False
3_3,32,24000,0.24,0.0339134496897801,False,False
3_3,32,24000,0.25,0.0391422445174737,False,False
3_3,32,24000,0.26,0.043711807157847,False,False
3_3,32,24000,0.27,0.0498868613930088,False,False
3_3,32,24000,0.28,0.0509690838168569,False,False
3_3,32,24000,0.29,0.0500658170535885,False,False
3_3,32,24000,0.3,0.0528070905557745,False,False
3_3,32,24000,0.31,0.0441509449714775,False,False
3_3,32,24000,0.32,0.0374924694858279,False,False
3_3,32,24000,0.33,0.0299489592649665,True,False
3_3,32,24000,0.34,0.0063116254150922,False,False
3_3,32,24000,0.35,0.0070016627013434,False,False
3_3,32,24000,0.36,0.0070841115565828,True,False
3_3,32,24000,0.37,0.006944979980009,True,False
3_3,32,24000,0.38,0.006585247443811,True,False
3_3,32,24000,0.39,0.0063998782946637,True,False
3_3,32,24000,0.4,0.0063596506790914,False,False
3_3,32,24000,0.41,0.0063358704944372,True,False
3_3,32,24000,0.42,0.0063478349015123,True,False
3_3,32,24000,0.43,0.0064301993928826,True,False
3_3,32,24000,0.44,0.0065812929878197,True,False
3_3,32,24000,0.45,0.0067746783555373,True,False
3_3,32,24000,0.46,0.0070088160593733,True,False
3_3,32,24000,0.47,0.0071133954554808,True,False
3_3,32,24000,0.48,0.0068417673676522,True,False
3_3,32,24000,0.49,0.0064216373809945,False,False
3_3,32,24000,0.5,0.0061421676426792,True,False
2_2_1,32,24000,0.0,0.0077380761520788,False,False
2_2_1,32,24000,0.01,0.007614877508706,False,False
2_2_1,32,24000,0.02,0.0085310965804099,False,False
2_2_1,32,24000,0.03,0.0077525362134474,False,False
2_2_1,32,24000,0.04,0.0079929885297452,False,False
2_2_1,32,24000,0.05,0.0079287947378502,False,False
2_2_1,32,24000,0.06,0.0087787374620483,False,False
2_2_1,32,24000,0.07,0.0092976666506569,False,False
2_2_1,32,24000,0.08,0.011150674754986,False,False
2_2_1,32,24000,0.09,0.0126595369072534,False,False
2_2_1,32,24000,0.1,0.0161932317447133,False,False
2_2_1,32,24000,0.11,0.022701871815825,False,False
2_2_1,32,24000,0.12,0.0292920586476174,False,False
2_2_1,32,24000,0.13,0.030461531095178,False,False
2_2_1,32,24000,0.14,0.0313755965534378,False,False
2_2_1,32,24000,0.15,0.0376805900382426,False,False
2_2_1,32,24000,0.16,0.0314822959124655,False,False
2_2_1,32,24000,0.17,0.0241957091781504,False,False
2_2_1,32,24000,0.18,0.0154067001408303,False,False
2_2_1,32,24000,0.19,0.0104193731183925,False,False
2_2_1,32,24000,0.2,0.0080696461298428,True,False
2_2_1,32,24000,0.21,0.0072246363615247,False,False
2_2_1,32,24000,0.22,0.007018766588497,True,False
2_2_1,32,24000,0.23,0.0073001093023505,True,False
2_2_1,32,24000,0.24,0.007615970528421,False,False
2_2_1,32,24000,0.25,0.0084245415311419,True,False
2_2_1,32,24000,0.26,0.0094487456555826,False,False
2_2_1,32,24000,0.27,0.0114625525892084,True,False
2_2_1,32,24000,0.28,0.0116521474591426,True,False
2_2_1,32,24000,0.29,0.0111394983414629,True,False
2_2_1,32,24000,0.3,0.0126556805233798,True,False
2_2_1,32,24000,0.31,0.0109644119888117,True,False
2_2_1,32,24000,0.32,0.0104056160877179,True,False
2_2_1,32,24000,0.33,0.0095509356148543,True,False
2_2_1,32,24000,0.34,0.0058296047811714,False,False
2_2_1,32,24000,0.35,0.0068693566170686,False,False
2_2_1,32,24000,0.36,0.0070017751231992,True,False
2_2_1,32,24000,0.37,0.0068875176358664,True,False
2_2_1,32,24000,0.38,0.0064111562695643,True,False
2_2_1,32,24000,0.39,0.0060963883621565,True,False
2_2_1,32,24000,0.4,0.0059407331153726,True,False
2_2_1,32,24000,0.41,0.0058732180059311,True,False
2_2_1,32,24000,0.42,0.0058585200357042,True,False
2_2_1,32,24000,0.43,0.0059150526336238,True,False
2_2_1,32,24000,0.44,0.0060367521599708,True,False
2_2_1,32,24000,0.45,0.0062002022138811,True,False
2_2_1,32,24000,0.46,0.0064091723826297,True,False
2_2_1,32,24000,0.47,0.0065260297412131,True,False
2_2_1,32,24000,0.48,0.0063557627142271,True,False
2_2_1,32,24000,0.49,0.0061595881388965,False,False
2_2_1,32,24000,0.5,0.0067045259340519,True,False
2_3_1,32,24000,0.0,0.0086958472851516,True,False
2_3_1,32,24000,0.01,0.0086218597142119,True,False
2_3_1,32,24000,0.02,0.0088366033330891,False,False
2_3_1,32,24000,0.03,0.008529615396547,False,False
2_3_1,32,24000,0.04,0.0084990401428825,True,False
2_3_1,32,24000,0.05,0.008417594942537,False,False
2_3_1,32,24000,0.06,0.0084636987702562,False,False
2_3_1,32,24000,0.07,0.0084585091309584,True,False
2_3_1,32,24000,0.08,0.0085701913104111,True,False
2_3_1,32,24000,0.09,0.0087179056034952,True,False
2_3_1,32,24000,0.1,0.0091148823966496,True,False
2_3_1,32,24000,0.11,0.0099180040958898,True,False
2_3_1,32,24000,0.12,0.0110974268461516,True,False
2_3_1,32,24000,0.13,0.0122483734854618,True,False
2_3_1,32,24000,0.14,0.0143258316778978,True,False
2_3_1,32,24000,0.15,0.0180837525792951,True,False
2_3_1,32,24000,0.16,0.0190662332271183,True,False
2_3_1,32,24000,0.17,0.0175995482706815,False,False
2_3_1,32,24000,0.18,0.0157157735092026,True,False
2_3_1,32,24000,0.19,0.0164132762922949,True,False
2_3_1,32,24000,0.2,0.0194359348589409,True,False
2_3_1,32,24000,0.21,0.021231829995727,True,False
2_3_1,32,24000,0.22,0.0215634618756137,True,False
2_3_1,32,24000,0.23,0.0224085526253713,True,False
2_3_1,32,24000,0.24,0.0242271792681987,False,False
2_3_1,32,24000,0.25,0.0280981929983738,True,False
2_3_1,32,24000,0.26,0.0306608285546371,False,False
2_3_1,32,24000,0.27,0.0321141176727831,True,False
2_3_1,32,24000,0.28,0.0329030021805529,True,False
2_3_1,32,24000,0.29,0.0332426830624871,True,False
2_3_1,32,24000,0.3,0.0375323158366979,True,False
2_3_1,32,24000,0.31,0.0406994503903386,True,False
2_3_1,32,24000,0.32,0.0412011397862826,True,False
2_3_1,32,24000,0.33,0.0393952506285166,False,False
2_3_1,32,24000,0.34,0.0307614188436595,False,False
2_3_1,32,24000,0.35,0.0392924655378196,False,False
2_3_1,32,24000,0.36,0.0427894455318728,False,False
2_3_1,32,24000,0.37,0.0492505702424177,False,False
2_3_1,32,24000,0.38,0.0445859492467281,False,False
2_3_1,32,24000,0.39,0.0384352954884552,False,False
2_3_1,32,24000,0.4,0.0430646079887205,False,False
2_3_1,32,24000,0.41,0.0402479090700873,False,False
2_3_1,32,24000,0.42,0.0328406918363801,False,False
2_3_1,32,24000,0.43,0.028896414357672,False,False
2_3_1,32,24000,0.44,0.0252265524828141,False,False
2_3_1,32,24000,0.45,0.0171002310920938,False,False
2_3_1,32,24000,0.46,0.0179292132988721,False,False
2_3_1,32,24000,0.47,0.0242870181822443,False,False
2_3_1,32,24000,0.48,0.0303173699496799,False,False
2_3_1,32,24000,0.49,0.037524576874577,False,False
2_3_1,32,24000,0.5,0.0501274356605866,False,False
